{
  "images" : [
    {
      "idiom" : "universal",
      "scale" : "1x"
    },
    {
      "idiom" : "universal",
      "filename" : "Strictly-embargoed-until-00.01am-9th-November-2013-Cadbury-Dairy-Milk-Unveils-New-Pack-Design1-600x400-1-600x400.jpg",
      "scale" : "2x"
    },
    {
      "idiom" : "universal",
      "filename" : "Strictly-embargoed-until-00.01am-9th-November-2013-Cadbury-Dairy-Milk-Unveils-New-Pack-Design1-600x400-1-600x400-1.jpg",
      "scale" : "3x"
    }
  ],
  "info" : {
    "version" : 1,
    "author" : "xcode"
  }
}